{"files": {"1": {"name": "cocos/3d/3dConstants.lua"}, "2": {"name": "cocos/cocos2d/bitExtend.lua"}, "3": {"name": "cocos/cocos2d/Cocos2d.lua"}, "4": {"name": "cocos/cocos2d/Cocos2dConstants.lua"}, "5": {"name": "cocos/cocos2d/deprecated.lua"}, "6": {"name": "cocos/cocos2d/DeprecatedCocos2dClass.lua"}, "7": {"name": "cocos/cocos2d/DeprecatedCocos2dEnum.lua"}, "8": {"name": "cocos/cocos2d/DeprecatedCocos2dFunc.lua"}, "9": {"name": "cocos/cocos2d/DeprecatedOpenglEnum.lua"}, "10": {"name": "cocos/cocos2d/DrawPrimitives.lua"}, "11": {"name": "cocos/cocos2d/functions.lua"}, "12": {"name": "cocos/cocos2d/json.lua"}, "13": {"name": "cocos/cocos2d/luaj.lua"}, "14": {"name": "cocos/cocos2d/luaoc.lua"}, "15": {"name": "cocos/cocos2d/Opengl.lua"}, "16": {"name": "cocos/cocos2d/OpenglConstants.lua"}, "17": {"name": "cocos/cocosbuilder/CCBReaderLoad.lua"}, "18": {"name": "cocos/cocosbuilder/DeprecatedCocosBuilderClass.lua"}, "19": {"name": "cocos/cocosdenshion/AudioEngine.lua"}, "20": {"name": "cocos/cocosdenshion/DeprecatedCocosDenshionClass.lua"}, "21": {"name": "cocos/cocosdenshion/DeprecatedCocosDenshionFunc.lua"}, "22": {"name": "cocos/cocostudio/CocoStudio.lua"}, "23": {"name": "cocos/cocostudio/DeprecatedCocoStudioClass.lua"}, "24": {"name": "cocos/cocostudio/DeprecatedCocoStudioFunc.lua"}, "25": {"name": "cocos/cocostudio/StudioConstants.lua"}, "26": {"name": "cocos/controller/ControllerConstants.lua"}, "27": {"name": "cocos/extension/DeprecatedExtensionClass.lua"}, "28": {"name": "cocos/extension/DeprecatedExtensionEnum.lua"}, "29": {"name": "cocos/extension/DeprecatedExtensionFunc.lua"}, "30": {"name": "cocos/extension/ExtensionConstants.lua"}, "58": {"name": "cocos/init.lua"}, "59": {"name": "cocos/network/DeprecatedNetworkClass.lua"}, "60": {"name": "cocos/network/DeprecatedNetworkEnum.lua"}, "61": {"name": "cocos/network/DeprecatedNetworkFunc.lua"}, "62": {"name": "cocos/network/NetworkConstants.lua"}, "63": {"name": "cocos/physics3d/physics3d-constants.lua"}, "64": {"name": "cocos/spine/SpineConstants.lua"}, "65": {"name": "cocos/ui/DeprecatedUIEnum.lua"}, "66": {"name": "cocos/ui/DeprecatedUIFunc.lua"}, "67": {"name": "cocos/ui/experimentalUIConstants.lua"}, "68": {"name": "cocos/ui/GuiConstants.lua"}, "69": {"name": "conf.lua"}, "70": {"name": "config/ApiConfig.lua"}, "71": {"name": "config/ChannelConfig.lua"}, "72": {"name": "config/EventConfig.lua"}, "73": {"name": "config/GameConfig.lua"}, "74": {"name": "config/GamePathResConfig.lua"}, "75": {"name": "config/init.lua"}, "76": {"name": "config/LobbyConfig.lua"}, "77": {"name": "config/SDKConfig.lua"}, "78": {"name": "config/ServerConfig.lua"}, "79": {"name": "game/brnn/res/bg.png"}, "80": {"name": "game/brnn/res/bg1.png"}, "81": {"name": "game/brnn/res/BRNNScene.csb"}, "82": {"name": "game/brnn/res/btn_close_0.png"}, "83": {"name": "game/brnn/res/btn_close_1.png"}, "84": {"name": "game/brnn/res/ChatNode.csb"}, "85": {"name": "game/brnn/res/GameLayout/banker_head_bg.png"}, "86": {"name": "game/brnn/res/GameLayout/BG.png"}, "87": {"name": "game/brnn/res/GameLayout/black.png"}, "88": {"name": "game/brnn/res/GameLayout/block.png"}, "89": {"name": "game/brnn/res/GameLayout/brnn_niuniu_card.plist"}, "90": {"name": "game/brnn/res/GameLayout/brnn_niuniu_card.png"}, "91": {"name": "game/brnn/res/GameLayout/btn_chat_0.png"}, "92": {"name": "game/brnn/res/GameLayout/btn_chat_1.png"}, "93": {"name": "game/brnn/res/GameLayout/btn_chip_effect.png"}, "94": {"name": "game/brnn/res/GameLayout/btn_effect.plist"}, "95": {"name": "game/brnn/res/GameLayout/btn_list_0.png"}, "96": {"name": "game/brnn/res/GameLayout/btn_list_1.png"}, "97": {"name": "game/brnn/res/GameLayout/btn_ludan_0.png"}, "98": {"name": "game/brnn/res/GameLayout/btn_ludan_1.png"}, "99": {"name": "game/brnn/res/GameLayout/btn_playerlist_0.png"}, "100": {"name": "game/brnn/res/GameLayout/btn_playerlist_1.png"}, "101": {"name": "game/brnn/res/GameLayout/btn_score.plist"}, "102": {"name": "game/brnn/res/GameLayout/btn_score.png"}, "103": {"name": "game/brnn/res/GameLayout/chat_bg_down_L.png"}, "104": {"name": "game/brnn/res/GameLayout/chat_bg_down_r.png"}, "105": {"name": "game/brnn/res/GameLayout/chat_game_bg.png"}, "106": {"name": "game/brnn/res/GameLayout/effect.png"}, "107": {"name": "game/brnn/res/GameLayout/game_shangzhuang_0.png"}, "108": {"name": "game/brnn/res/GameLayout/game_shangzhuang_1.png"}, "109": {"name": "game/brnn/res/GameLayout/game_xiazhuang_0.png"}, "110": {"name": "game/brnn/res/GameLayout/game_xiazhuang_1.png"}, "111": {"name": "game/brnn/res/GameLayout/gold_effect.csb"}, "112": {"name": "game/brnn/res/GameLayout/gold_ico.png"}, "113": {"name": "game/brnn/res/GameLayout/head_bg.png"}, "114": {"name": "game/brnn/res/GameLayout/head_clip_bg.png"}, "115": {"name": "game/brnn/res/GameLayout/head_player.png"}, "116": {"name": "game/brnn/res/GameLayout/ludanAction.plist"}, "117": {"name": "game/brnn/res/GameLayout/ludanAction.png"}, "118": {"name": "game/brnn/res/GameLayout/ludanBtnAction.csb"}, "119": {"name": "game/brnn/res/GameLayout/num_lose.png"}, "120": {"name": "game/brnn/res/GameLayout/num_win.png"}, "121": {"name": "game/brnn/res/GameLayout/particle_niu_type2.plist"}, "122": {"name": "game/brnn/res/GameLayout/particle_start_xiazhu.plist"}, "123": {"name": "game/brnn/res/GameLayout/player_bg.png"}, "124": {"name": "game/brnn/res/GameLayout/start_xiazhu.csb"}, "125": {"name": "game/brnn/res/GameLayout/start_xiazhu.plist"}, "126": {"name": "game/brnn/res/GameLayout/start_xiazhu.png"}, "127": {"name": "game/brnn/res/GameLayout/time_bg.png"}, "128": {"name": "game/brnn/res/GameLayout/txt_bg.png"}, "129": {"name": "game/brnn/res/GameLayout/txt_niunum.png"}, "130": {"name": "game/brnn/res/GameLayout/txt_niunum0.png"}, "131": {"name": "game/brnn/res/GameLayout/txt_niunum10.png"}, "132": {"name": "game/brnn/res/GameLayout/txt_niunum11.png"}, "133": {"name": "game/brnn/res/GameLayout/txt_niunum12.png"}, "134": {"name": "game/brnn/res/GameLayout/txt_niunum13.png"}, "135": {"name": "game/brnn/res/GameLayout/vip_sit.png"}, "136": {"name": "game/brnn/res/GameLayout/win_effect.plist"}, "137": {"name": "game/brnn/res/GameLayout/win_gold_ani_effect.plist"}, "138": {"name": "game/brnn/res/GameLayout/win_gold_ani_effect.png"}, "139": {"name": "game/brnn/res/GameLayout/xuanqu.png"}, "140": {"name": "game/brnn/res/GameLayout/_s_stars.png"}, "141": {"name": "game/brnn/res/HelpLayout/help_txt.png"}, "142": {"name": "game/brnn/res/HelpLayout/title_help.png"}, "143": {"name": "game/brnn/res/HelpNode.csb"}, "144": {"name": "game/brnn/res/MenuLayout/help_btn_0.png"}, "145": {"name": "game/brnn/res/MenuLayout/help_btn_1.png"}, "146": {"name": "game/brnn/res/MenuLayout/list_bg.png"}, "147": {"name": "game/brnn/res/MenuLayout/quit_btn_0.png"}, "148": {"name": "game/brnn/res/MenuLayout/quit_btn_1.png"}, "149": {"name": "game/brnn/res/MenuNode.csb"}, "150": {"name": "game/brnn/res/music/coin_jn.mp3"}, "151": {"name": "game/brnn/res/music/coin_out.mp3"}, "152": {"name": "game/brnn/res/music/Fapai_one.mp3"}, "153": {"name": "game/brnn/res/music/game_start.mp3"}, "154": {"name": "game/brnn/res/music/game_stop.mp3"}, "155": {"name": "game/brnn/res/music/game_timeout1.mp3"}, "156": {"name": "game/brnn/res/music/game_timeout2.mp3"}, "157": {"name": "game/brnn/res/music/ludanEffect.mp3"}, "158": {"name": "game/brnn/res/music/music.mp3"}, "159": {"name": "game/brnn/res/music/nn_type_0.mp3"}, "160": {"name": "game/brnn/res/music/nn_type_1.mp3"}, "161": {"name": "game/brnn/res/music/nn_type_10.mp3"}, "162": {"name": "game/brnn/res/music/nn_type_11.mp3"}, "163": {"name": "game/brnn/res/music/nn_type_12.mp3"}, "164": {"name": "game/brnn/res/music/nn_type_13.mp3"}, "165": {"name": "game/brnn/res/music/nn_type_2.mp3"}, "166": {"name": "game/brnn/res/music/nn_type_3.mp3"}, "167": {"name": "game/brnn/res/music/nn_type_4.mp3"}, "168": {"name": "game/brnn/res/music/nn_type_5.mp3"}, "169": {"name": "game/brnn/res/music/nn_type_6.mp3"}, "170": {"name": "game/brnn/res/music/nn_type_7.mp3"}, "171": {"name": "game/brnn/res/music/nn_type_8.mp3"}, "172": {"name": "game/brnn/res/music/nn_type_9.mp3"}, "173": {"name": "game/brnn/res/music/score.mp3"}, "174": {"name": "game/brnn/res/NiuNiuNumNode.csb"}, "175": {"name": "game/brnn/res/PlayerListLayout/title_PlayerLst.png"}, "176": {"name": "game/brnn/res/PlayerListLayout/wuzuoweiwanjia.png"}, "177": {"name": "game/brnn/res/PlayerListNode.csb"}, "178": {"name": "game/brnn/res/PlayerNode.csb"}, "179": {"name": "game/brnn/res/SmallLuDanNode/quyu_effect_bomb.plist"}, "180": {"name": "game/brnn/res/SmallLuDanNode/quyu_effect_fly.plist"}, "181": {"name": "game/brnn/res/SmallLuDanNode/SmallLuDanNode.plist"}, "182": {"name": "game/brnn/res/SmallLuDanNode/SmallLuDanNode.png"}, "183": {"name": "game/brnn/res/SZListLayout/banker_ico.png"}, "184": {"name": "game/brnn/res/SZListLayout/banker_list_effect.png"}, "185": {"name": "game/brnn/res/SZListLayout/szList_title.png"}, "186": {"name": "game/brnn/res/SZListLayout/zhuangjia_btn.plist"}, "187": {"name": "game/brnn/res/SZListLayout/zhuangjia_btn.png"}, "188": {"name": "game/brnn/res/SZListNode.csb"}, "189": {"name": "game/brnn/res/title_bg.png"}, "190": {"name": "game/brnn/res/WinRecordLayout/WinRecordLayout.plist"}, "191": {"name": "game/brnn/res/WinRecordLayout/WinRecordLayout.png"}, "192": {"name": "game/brnn/res/WinRecordNode.csb"}, "193": {"name": "game/brnn//header/headerFile.lua"}, "194": {"name": "game/brnn//logic/GameManager.lua"}, "195": {"name": "game/brnn//request/GameRequest.lua"}, "196": {"name": "game/brnn//scene/CardTypeNode.lua"}, "197": {"name": "game/brnn//scene/Conf.lua"}, "198": {"name": "game/brnn//scene/DanMuNode.lua"}, "199": {"name": "game/brnn//scene/GameScene.lua"}, "200": {"name": "game/brnn//scene/GameTableLayer.lua"}, "201": {"name": "game/brnn//scene/GameUserData.lua"}, "202": {"name": "game/brnn//scene/GoldLayer.lua"}, "203": {"name": "game/brnn//scene/HelpLayer.lua"}, "204": {"name": "game/brnn//scene/MenuLayer.lua"}, "205": {"name": "game/brnn//scene/PlayerListLayer.lua"}, "206": {"name": "game/brnn//scene/ScoreNode.lua"}, "207": {"name": "game/brnn//scene/SmallDanMuNode.lua"}, "208": {"name": "game/brnn//scene/SmallLuDanEffect.lua"}, "209": {"name": "game/brnn//scene/SmallLuDanNode.lua"}, "210": {"name": "game/brnn//scene/SZListLayer.lua"}, "211": {"name": "game/brnn//scene/WinRecordLayer.lua"}, "212": {"name": "game/niuniu/res/GameLayout/NiuNiu/action/effect_start.png"}, "213": {"name": "game/niuniu/res/GameLayout/NiuNiu/action/goldniuniu_ani_start.csb"}, "214": {"name": "game/niuniu/res/GameLayout/NiuNiu/action/gold_icon.png"}, "215": {"name": "game/niuniu/res/GameLayout/NiuNiu/action/niuniu_guang_b.png"}, "216": {"name": "game/niuniu/res/GameLayout/NiuNiu/action/niuniu_niu.png"}, "217": {"name": "game/niuniu/res/GameLayout/NiuNiu/action/niuniu_niujiao.png"}, "218": {"name": "game/niuniu/res/GameLayout/NiuNiu/action/niuniu_start_bg.png"}, "219": {"name": "game/niuniu/res/GameLayout/NiuNiu/action/niuniu_start_txt.png"}, "220": {"name": "game/niuniu/res/GameLayout/NiuNiu/action/start_effect_new.plist"}, "221": {"name": "game/niuniu/res/GameLayout/NiuNiu/action/time.png"}, "222": {"name": "game/niuniu/res/GameLayout/NiuNiu/action/time_bg.png"}, "223": {"name": "game/niuniu/res/GameLayout/NiuNiu/action/time_num.png"}, "224": {"name": "game/niuniu/res/GameLayout/NiuNiu/bg.png"}, "225": {"name": "game/niuniu/res/GameLayout/NiuNiu/bg_gold.png"}, "226": {"name": "game/niuniu/res/GameLayout/NiuNiu/card/niuniu_card.plist"}, "227": {"name": "game/niuniu/res/GameLayout/NiuNiu/card/niuniu_card.png"}, "228": {"name": "game/niuniu/res/GameLayout/NiuNiu/CardType.csb"}, "229": {"name": "game/niuniu/res/GameLayout/NiuNiu/chat/chat_bg_down_L.png"}, "230": {"name": "game/niuniu/res/GameLayout/NiuNiu/chat/chat_bg_down_r.png"}, "231": {"name": "game/niuniu/res/GameLayout/NiuNiu/chat/chat_bg_t_L.png"}, "232": {"name": "game/niuniu/res/GameLayout/NiuNiu/chat/chat_bg_t_r.png"}, "233": {"name": "game/niuniu/res/GameLayout/NiuNiu/dismiss.plist"}, "234": {"name": "game/niuniu/res/GameLayout/NiuNiu/dismiss.png"}, "235": {"name": "game/niuniu/res/GameLayout/NiuNiu/dismiss_time.csb"}, "236": {"name": "game/niuniu/res/GameLayout/NiuNiu/exploits.csb"}, "237": {"name": "game/niuniu/res/GameLayout/NiuNiu/exploits.plist"}, "238": {"name": "game/niuniu/res/GameLayout/NiuNiu/exploits.png"}, "239": {"name": "game/niuniu/res/GameLayout/NiuNiu/GameBtn.plist"}, "240": {"name": "game/niuniu/res/GameLayout/NiuNiu/GameBtn.png"}, "241": {"name": "game/niuniu/res/GameLayout/NiuNiu/GameBtn_L.plist"}, "242": {"name": "game/niuniu/res/GameLayout/NiuNiu/GameBtn_L.png"}, "243": {"name": "game/niuniu/res/GameLayout/NiuNiu/goldNiu_cardType.png"}, "244": {"name": "game/niuniu/res/GameLayout/NiuNiu/help.csb"}, "245": {"name": "game/niuniu/res/GameLayout/NiuNiu/help.plist"}, "246": {"name": "game/niuniu/res/GameLayout/NiuNiu/help.png"}, "247": {"name": "game/niuniu/res/GameLayout/NiuNiu/inform.csb"}, "248": {"name": "game/niuniu/res/GameLayout/NiuNiu/inform.plist"}, "249": {"name": "game/niuniu/res/GameLayout/NiuNiu/inform.png"}, "250": {"name": "game/niuniu/res/GameLayout/NiuNiu/informNode.csb"}, "251": {"name": "game/niuniu/res/GameLayout/NiuNiu/invite_0.png"}, "252": {"name": "game/niuniu/res/GameLayout/NiuNiu/invite_1.png"}, "253": {"name": "game/niuniu/res/GameLayout/NiuNiu/Layer.csb"}, "254": {"name": "game/niuniu/res/GameLayout/NiuNiu/lose/goldNiu_liewen.plist"}, "255": {"name": "game/niuniu/res/GameLayout/NiuNiu/lose/goldNiu_liewen.png"}, "256": {"name": "game/niuniu/res/GameLayout/NiuNiu/lose/goldNiu_lose_txt_1.png"}, "257": {"name": "game/niuniu/res/GameLayout/NiuNiu/lose/goldNiu_lose_txt_2.png"}, "258": {"name": "game/niuniu/res/GameLayout/NiuNiu/lose/goldNiu_luoye.plist"}, "259": {"name": "game/niuniu/res/GameLayout/NiuNiu/lose/goldNiu_luoye.png"}, "260": {"name": "game/niuniu/res/GameLayout/NiuNiu/lose/goldNiu_txt_shadow.png"}, "261": {"name": "game/niuniu/res/GameLayout/NiuNiu/lose/Scene.csb"}, "262": {"name": "game/niuniu/res/GameLayout/NiuNiu/moreList/btn_cardType_0.png"}, "263": {"name": "game/niuniu/res/GameLayout/NiuNiu/moreList/btn_cardType_1.png"}, "264": {"name": "game/niuniu/res/GameLayout/NiuNiu/moreList/btn_choose_0.png"}, "265": {"name": "game/niuniu/res/GameLayout/NiuNiu/moreList/btn_choose_1.png"}, "266": {"name": "game/niuniu/res/GameLayout/NiuNiu/moreList/btn_dissolve_0.png"}, "267": {"name": "game/niuniu/res/GameLayout/NiuNiu/moreList/btn_dissolve_1.png"}, "268": {"name": "game/niuniu/res/GameLayout/NiuNiu/moreList/btn_quit_0.png"}, "269": {"name": "game/niuniu/res/GameLayout/NiuNiu/moreList/btn_quit_1.png"}, "270": {"name": "game/niuniu/res/GameLayout/NiuNiu/moreList/btn_set_0.png"}, "271": {"name": "game/niuniu/res/GameLayout/NiuNiu/moreList/btn_SET_1.png"}, "272": {"name": "game/niuniu/res/GameLayout/NiuNiu/moreList/btn_stand_0.png"}, "273": {"name": "game/niuniu/res/GameLayout/NiuNiu/moreList/btn_stand_1.png"}, "274": {"name": "game/niuniu/res/GameLayout/NiuNiu/moreList/list_bg.png"}, "275": {"name": "game/niuniu/res/GameLayout/NiuNiu/moreList/most_list.png"}, "276": {"name": "game/niuniu/res/GameLayout/NiuNiu/music/BGM_NN_NEW.mp3"}, "277": {"name": "game/niuniu/res/GameLayout/NiuNiu/music/BGM_SREN.mp3"}, "278": {"name": "game/niuniu/res/GameLayout/NiuNiu/music/Coinfly.mp3"}, "279": {"name": "game/niuniu/res/GameLayout/NiuNiu/music/Dingzhuang.mp3"}, "280": {"name": "game/niuniu/res/GameLayout/NiuNiu/music/Fapai_more.mp3"}, "281": {"name": "game/niuniu/res/GameLayout/NiuNiu/music/Fapai_one.mp3"}, "282": {"name": "game/niuniu/res/GameLayout/NiuNiu/music/Gamelose.mp3"}, "283": {"name": "game/niuniu/res/GameLayout/NiuNiu/music/Gamestart.mp3"}, "284": {"name": "game/niuniu/res/GameLayout/NiuNiu/music/Gamewin.mp3"}, "285": {"name": "game/niuniu/res/GameLayout/NiuNiu/music/Man_ox0.mp3"}, "286": {"name": "game/niuniu/res/GameLayout/NiuNiu/music/Man_ox1.mp3"}, "287": {"name": "game/niuniu/res/GameLayout/NiuNiu/music/Man_ox10.mp3"}, "288": {"name": "game/niuniu/res/GameLayout/NiuNiu/music/Man_ox11.mp3"}, "289": {"name": "game/niuniu/res/GameLayout/NiuNiu/music/Man_ox12.mp3"}, "290": {"name": "game/niuniu/res/GameLayout/NiuNiu/music/Man_ox13.mp3"}, "291": {"name": "game/niuniu/res/GameLayout/NiuNiu/music/Man_ox2.mp3"}, "292": {"name": "game/niuniu/res/GameLayout/NiuNiu/music/Man_ox3.mp3"}, "293": {"name": "game/niuniu/res/GameLayout/NiuNiu/music/Man_ox4.mp3"}, "294": {"name": "game/niuniu/res/GameLayout/NiuNiu/music/Man_ox5.mp3"}, "295": {"name": "game/niuniu/res/GameLayout/NiuNiu/music/Man_ox6.mp3"}, "296": {"name": "game/niuniu/res/GameLayout/NiuNiu/music/Man_ox7.mp3"}, "297": {"name": "game/niuniu/res/GameLayout/NiuNiu/music/Man_ox8.mp3"}, "298": {"name": "game/niuniu/res/GameLayout/NiuNiu/music/Man_ox9.mp3"}, "299": {"name": "game/niuniu/res/GameLayout/NiuNiu/music/Out_Card.mp3"}, "300": {"name": "game/niuniu/res/GameLayout/NiuNiu/music/Ready.mp3"}, "301": {"name": "game/niuniu/res/GameLayout/NiuNiu/music/Woman_ox0.mp3"}, "302": {"name": "game/niuniu/res/GameLayout/NiuNiu/music/Woman_ox1.mp3"}, "303": {"name": "game/niuniu/res/GameLayout/NiuNiu/music/Woman_ox10.mp3"}, "304": {"name": "game/niuniu/res/GameLayout/NiuNiu/music/Woman_ox11.mp3"}, "305": {"name": "game/niuniu/res/GameLayout/NiuNiu/music/Woman_ox12.mp3"}, "306": {"name": "game/niuniu/res/GameLayout/NiuNiu/music/Woman_ox13.mp3"}, "307": {"name": "game/niuniu/res/GameLayout/NiuNiu/music/Woman_ox2.mp3"}, "308": {"name": "game/niuniu/res/GameLayout/NiuNiu/music/Woman_ox3.mp3"}, "309": {"name": "game/niuniu/res/GameLayout/NiuNiu/music/Woman_ox4.mp3"}, "310": {"name": "game/niuniu/res/GameLayout/NiuNiu/music/Woman_ox5.mp3"}, "311": {"name": "game/niuniu/res/GameLayout/NiuNiu/music/Woman_ox6.mp3"}, "312": {"name": "game/niuniu/res/GameLayout/NiuNiu/music/Woman_ox7.mp3"}, "313": {"name": "game/niuniu/res/GameLayout/NiuNiu/music/Woman_ox8.mp3"}, "314": {"name": "game/niuniu/res/GameLayout/NiuNiu/music/Woman_ox9.mp3"}, "315": {"name": "game/niuniu/res/GameLayout/NiuNiu/music/Xuanzhuang.mp3"}, "316": {"name": "game/niuniu/res/GameLayout/NiuNiu/niuniu_menuBtn.plist"}, "317": {"name": "game/niuniu/res/GameLayout/NiuNiu/niuniu_menuBtn.png"}, "318": {"name": "game/niuniu/res/GameLayout/NiuNiu/NiuTip.plist"}, "319": {"name": "game/niuniu/res/GameLayout/NiuNiu/NiuTip.png"}, "320": {"name": "game/niuniu/res/GameLayout/NiuNiu/niu_luckCard.plist"}, "321": {"name": "game/niuniu/res/GameLayout/NiuNiu/niu_luckCard.png"}, "322": {"name": "game/niuniu/res/GameLayout/NiuNiu/player/head_bg.png"}, "323": {"name": "game/niuniu/res/GameLayout/NiuNiu/player/head_clip_bg.png"}, "324": {"name": "game/niuniu/res/GameLayout/NiuNiu/playerPanel.plist"}, "325": {"name": "game/niuniu/res/GameLayout/NiuNiu/playerPanel.png"}, "326": {"name": "game/niuniu/res/GameLayout/NiuNiu/ready_0.png"}, "327": {"name": "game/niuniu/res/GameLayout/NiuNiu/ready_1.png"}, "328": {"name": "game/niuniu/res/GameLayout/NiuNiu/result/allBg.png"}, "329": {"name": "game/niuniu/res/GameLayout/NiuNiu/result/bt_quit_0.png"}, "330": {"name": "game/niuniu/res/GameLayout/NiuNiu/result/bt_quit_1.png"}, "331": {"name": "game/niuniu/res/GameLayout/NiuNiu/result/bt_share_0.png"}, "332": {"name": "game/niuniu/res/GameLayout/NiuNiu/result/bt_share_1.png"}, "333": {"name": "game/niuniu/res/GameLayout/NiuNiu/result/head_allBg.png"}, "334": {"name": "game/niuniu/res/GameLayout/NiuNiu/result/head_clip_allBg.png"}, "335": {"name": "game/niuniu/res/GameLayout/NiuNiu/result/player_allBg.png"}, "336": {"name": "game/niuniu/res/GameLayout/NiuNiu/result/siren_resultEffect.png"}, "337": {"name": "game/niuniu/res/GameLayout/NiuNiu/result/title_all.png"}, "338": {"name": "game/niuniu/res/GameLayout/NiuNiu/result/winner.png"}, "339": {"name": "game/niuniu/res/GameLayout/NiuNiu/rule/rule_difen.png"}, "340": {"name": "game/niuniu/res/GameLayout/NiuNiu/rule/rule_jushu.png"}, "341": {"name": "game/niuniu/res/GameLayout/NiuNiu/rule/rule_num.png"}, "342": {"name": "game/niuniu/res/GameLayout/NiuNiu/rule/rule_shoudong.png"}, "343": {"name": "game/niuniu/res/GameLayout/NiuNiu/rule/rule_zidong.png"}, "344": {"name": "game/niuniu/res/GameLayout/NiuNiu/score_num_add.png"}, "345": {"name": "game/niuniu/res/GameLayout/NiuNiu/score_num_add_bg.png"}, "346": {"name": "game/niuniu/res/GameLayout/NiuNiu/score_num_shu.png"}, "347": {"name": "game/niuniu/res/GameLayout/NiuNiu/score_num_shu_bg.png"}, "348": {"name": "game/niuniu/res/GameLayout/NiuNiu/suanniukuang.png"}, "349": {"name": "game/niuniu/res/GameLayout/NiuNiu/txtNiu/goldtxt_niu0.png"}, "350": {"name": "game/niuniu/res/GameLayout/NiuNiu/txtNiu/goldtxt_niu1-9.png"}, "351": {"name": "game/niuniu/res/GameLayout/NiuNiu/txtNiu/goldtxt_niu10.png"}, "352": {"name": "game/niuniu/res/GameLayout/NiuNiu/txtNiu/goldtxt_niu11.png"}, "353": {"name": "game/niuniu/res/GameLayout/NiuNiu/txtNiu/goldtxt_niu12.png"}, "354": {"name": "game/niuniu/res/GameLayout/NiuNiu/txtNiu/goldtxt_niu13.png"}, "355": {"name": "game/niuniu/res/GameLayout/NiuNiu/txtNiu/goldtxt_wancheng.png"}, "356": {"name": "game/niuniu/res/GameLayout/NiuNiu/txt_ready.png"}, "357": {"name": "game/niuniu/res/GameLayout/NiuNiu/win/gold.plist"}, "358": {"name": "game/niuniu/res/GameLayout/NiuNiu/win/gold.png"}, "359": {"name": "game/niuniu/res/GameLayout/NiuNiu/win/goldniuniu_win.csb"}, "360": {"name": "game/niuniu/res/GameLayout/NiuNiu/win/goldniu_win.plist"}, "361": {"name": "game/niuniu/res/GameLayout/NiuNiu/win/goldniu_win.png"}, "362": {"name": "game/niuniu/res/GameLayout/NiuNiu/win/particle_texture(4).plist"}, "363": {"name": "game/niuniu/res/GameLayout/NiuNiu/winHead/goldniuniu_player_effect.plist"}, "364": {"name": "game/niuniu/res/GameLayout/NiuNiu/winHead/goldniuniu_player_effect.png"}, "365": {"name": "game/niuniu/res/GameLayout/NiuNiu/winHead/particle_texture(1).plist"}, "366": {"name": "game/niuniu/res/GameLayout/NiuNiu/winHead/win_gold_effect.csb"}, "367": {"name": "game/niuniu/res/GameLayout/NiuNiu/winHead/win_gold_effect_2.csb"}, "368": {"name": "game/niuniu/res/GameLayout/NiuNiu/xiazhu_num.png"}, "369": {"name": "game/niuniu/res/music/Bgm_nn.mp3"}, "370": {"name": "game/niuniu/res/music/Bgm_siren.mp3"}, "371": {"name": "game/niuniu/res/music/music.mp3"}, "372": {"name": "game/niuniu//header/headerFile.lua"}, "373": {"name": "game/niuniu//logic/GameManager.lua"}, "374": {"name": "game/niuniu//logic/GoldGameManager.lua"}, "375": {"name": "game/niuniu//request/GameRequest.lua"}, "376": {"name": "game/niuniu//scene/CardTypeNode.lua"}, "377": {"name": "game/niuniu//scene/conf.lua"}, "378": {"name": "game/niuniu//scene/dismiss.lua"}, "379": {"name": "game/niuniu//scene/exploits.lua"}, "380": {"name": "game/niuniu//scene/GameResult.lua"}, "381": {"name": "game/niuniu//scene/GameScene.lua"}, "382": {"name": "game/niuniu//scene/goldNiuScene.lua"}, "383": {"name": "game/niuniu//scene/help.lua"}, "384": {"name": "game/niuniu//scene/MenuNode.lua"}, "385": {"name": "game/niuniu//scene/ScoreNode.lua"}, "386": {"name": "game/niuniu//scene/tableAction.lua"}, "387": {"name": "game/niuniu//scene/Time.lua"}, "388": {"name": "gamecommon/chat/res/chat.plist"}, "389": {"name": "gamecommon/chat/res/chat.png"}, "390": {"name": "gamecommon/chat/res/music/Man_Chat_1.mp3"}, "391": {"name": "gamecommon/chat/res/music/Man_Chat_10.mp3"}, "392": {"name": "gamecommon/chat/res/music/Man_Chat_2.mp3"}, "393": {"name": "gamecommon/chat/res/music/Man_Chat_3.mp3"}, "394": {"name": "gamecommon/chat/res/music/Man_Chat_4.mp3"}, "395": {"name": "gamecommon/chat/res/music/Man_Chat_5.mp3"}, "396": {"name": "gamecommon/chat/res/music/Man_Chat_6.mp3"}, "397": {"name": "gamecommon/chat/res/music/Man_Chat_7.mp3"}, "398": {"name": "gamecommon/chat/res/music/Man_Chat_8.mp3"}, "399": {"name": "gamecommon/chat/res/music/Man_Chat_9.mp3"}, "400": {"name": "gamecommon/chat/res/music/Woman_Chat_1.mp3"}, "401": {"name": "gamecommon/chat/res/music/Woman_Chat_10.mp3"}, "402": {"name": "gamecommon/chat/res/music/Woman_Chat_2.mp3"}, "403": {"name": "gamecommon/chat/res/music/Woman_Chat_3.mp3"}, "404": {"name": "gamecommon/chat/res/music/Woman_Chat_4.mp3"}, "405": {"name": "gamecommon/chat/res/music/Woman_Chat_5.mp3"}, "406": {"name": "gamecommon/chat/res/music/Woman_Chat_6.mp3"}, "407": {"name": "gamecommon/chat/res/music/Woman_Chat_7.mp3"}, "408": {"name": "gamecommon/chat/res/music/Woman_Chat_8.mp3"}, "409": {"name": "gamecommon/chat/res/music/Woman_Chat_9.mp3"}, "410": {"name": "gamecommon/chat//ChatLayer.lua"}, "411": {"name": "gamecommon/EffectAnimate/brow.plist"}, "412": {"name": "gamecommon/EffectAnimate/brow.png"}, "413": {"name": "gamecommon/EffectAnimate/cock.plist"}, "414": {"name": "gamecommon/EffectAnimate/cock.png"}, "415": {"name": "gamecommon/EffectAnimate/dianzan.plist"}, "416": {"name": "gamecommon/EffectAnimate/dianzan.png"}, "417": {"name": "gamecommon/EffectAnimate/fish.csb"}, "418": {"name": "gamecommon/EffectAnimate/fish.plist"}, "419": {"name": "gamecommon/EffectAnimate/fish.png"}, "420": {"name": "gamecommon/EffectAnimate/jiubei.csb"}, "421": {"name": "gamecommon/EffectAnimate/jiubei.plist"}, "422": {"name": "gamecommon/EffectAnimate/jiubei.png"}, "423": {"name": "gamecommon/EffectAnimate/meigui.plist"}, "424": {"name": "gamecommon/EffectAnimate/meigui.png"}, "425": {"name": "gamecommon/EffectAnimate/music/daoju_cock.mp3"}, "426": {"name": "gamecommon/EffectAnimate/music/daoju_dianzan.mp3"}, "427": {"name": "gamecommon/EffectAnimate/music/daoju_fish.mp3"}, "428": {"name": "gamecommon/EffectAnimate/music/daoju_jiubei.mp3"}, "429": {"name": "gamecommon/EffectAnimate/music/daoju_meigui.mp3"}, "430": {"name": "gamecommon/EffectAnimate/music/daoju_qinwen.mp3"}, "431": {"name": "gamecommon/EffectAnimate/music/daoju_water.mp3"}, "432": {"name": "gamecommon/EffectAnimate/music/daoju_xiaotou.mp3"}, "433": {"name": "gamecommon/EffectAnimate/music/daoju_xihongshi.mp3"}, "434": {"name": "gamecommon/EffectAnimate/music/daoju_zhadan.mp3"}, "435": {"name": "gamecommon/EffectAnimate/qinwen.plist"}, "436": {"name": "gamecommon/EffectAnimate/qinwen.png"}, "437": {"name": "gamecommon/EffectAnimate/water.csb"}, "438": {"name": "gamecommon/EffectAnimate/water.plist"}, "439": {"name": "gamecommon/EffectAnimate/water.png"}, "440": {"name": "gamecommon/EffectAnimate/win_gold.plist"}, "441": {"name": "gamecommon/EffectAnimate/win_gold.png"}, "442": {"name": "gamecommon/EffectAnimate/xiaotou.plist"}, "443": {"name": "gamecommon/EffectAnimate/xiaotou.png"}, "444": {"name": "gamecommon/EffectAnimate/xihongshi.csb"}, "445": {"name": "gamecommon/EffectAnimate/xihongshi.plist"}, "446": {"name": "gamecommon/EffectAnimate/xihongshi.png"}, "447": {"name": "gamecommon/EffectAnimate/zhadan.plist"}, "448": {"name": "gamecommon/EffectAnimate/zhadan.png"}, "449": {"name": "gamecommon/shopAction.plist"}, "450": {"name": "gamecommon/shopAction.png"}, "451": {"name": "gamecommon/shop_ani.csb"}, "452": {"name": "gamecommon/subsidy/res/subShare.csb"}, "453": {"name": "gamecommon/subsidy/res/subsidy.csb"}, "454": {"name": "gamecommon/subsidy/res/subsidy.plist"}, "455": {"name": "gamecommon/subsidy/res/subsidy.png"}, "456": {"name": "gamecommon/subsidy//SubsidyLayer.lua"}, "457": {"name": "gamemodel/scene/GameModelScene.lua"}, "458": {"name": "gamemodel/view/AuthorizeSitView.lua"}, "459": {"name": "lib/component/actions/ProgressToSprite.lua"}, "460": {"name": "lib/component/layer/BaseDialog.lua"}, "461": {"name": "lib/component/layer/BaseLayer.lua"}, "462": {"name": "lib/component/layer/BaseWindow.lua"}, "463": {"name": "lib/component/layer/MessageBox.lua"}, "464": {"name": "lib/component/layer/Window.lua"}, "465": {"name": "lib/component/node/Avatar.lua"}, "466": {"name": "lib/component/node/RemoteNode.lua"}, "467": {"name": "lib/db/Sqlite3Tool.lua"}, "468": {"name": "lib/download/DownLoadManager.lua"}, "469": {"name": "lib/download/HotUpdateManager.lua"}, "470": {"name": "lib/factory/FrameAniFactory.lua"}, "471": {"name": "lib/frameworksext/guiConstantExt.lua"}, "472": {"name": "lib/init.lua"}, "473": {"name": "lib/utils/dkjson.lua"}, "474": {"name": "lib/utils/EventUtils.lua"}, "475": {"name": "lib/utils/FileSystemUtils.lua"}, "476": {"name": "lib/utils/GameUtils.lua"}, "477": {"name": "lib/utils/JsonUtil.lua"}, "478": {"name": "lib/utils/SingleInstance.lua"}, "479": {"name": "lib/utils/string.lua"}, "480": {"name": "lib/utils/UIDisplay.lua"}, "481": {"name": "lib/view/GiftAccountView.lua"}, "482": {"name": "lib/view/LoadingUI.lua"}, "483": {"name": "lib/view/LoadResLayer.lua"}, "484": {"name": "lib/view/MsgBoxUI.lua"}, "485": {"name": "Lobby/res/Avatar/default_girl.png"}, "486": {"name": "Lobby/res/Avatar/default_girl_225.png"}, "487": {"name": "Lobby/res/Avatar/default_man.png"}, "488": {"name": "Lobby/res/Avatar/default_man_225.png"}, "489": {"name": "Lobby/res/Avatar/default_unkonw.png"}, "490": {"name": "Lobby/res/Avatar/default_unkonw_225.png"}, "491": {"name": "Lobby/res/Avatar/head_circle_frame_96_96.png"}, "492": {"name": "Lobby/res/Avatar/head_circle_stencil_94_94.png"}, "493": {"name": "Lobby/res/Avatar/head_rect_round_stencil_225_225.png"}, "494": {"name": "Lobby/res/Avatar/head_rect_round_stencil_94_94.png"}, "495": {"name": "Lobby/res/common/btnBack.png"}, "496": {"name": "Lobby/res/common/btnHelp.png"}, "497": {"name": "Lobby/res/common/btn_qq_login.png"}, "498": {"name": "Lobby/res/common/btn_wechat_login.png"}, "499": {"name": "Lobby/res/common/commonRes.plist"}, "500": {"name": "Lobby/res/common/commonRes.png"}, "501": {"name": "Lobby/res/common/common_btn_close.png"}, "502": {"name": "Lobby/res/common/common_btn_create_room.png"}, "503": {"name": "Lobby/res/common/common_btn_enter_room.png"}, "504": {"name": "Lobby/res/common/common_cancel.png"}, "505": {"name": "Lobby/res/common/common_go_soon.png"}, "506": {"name": "Lobby/res/common/common_score_num.png"}, "507": {"name": "Lobby/res/common/iconRoomCard.png"}, "508": {"name": "Lobby/res/common/LobbyPlayPaoGuang.png"}, "509": {"name": "Lobby/res/common/Lobby_head_bg.png"}, "510": {"name": "Lobby/res/config/cn/Language.lua"}, "511": {"name": "Lobby/res/GameLayout/BroadCast/broadcast.plist"}, "512": {"name": "Lobby/res/GameLayout/BroadCast/broadcast.png"}, "513": {"name": "Lobby/res/GameLayout/Help/help.csb"}, "514": {"name": "Lobby/res/GameLayout/Help/help.plist"}, "515": {"name": "Lobby/res/GameLayout/Help/help.png"}, "516": {"name": "Lobby/res/GameLayout/LightEffect/light.png"}, "517": {"name": "Lobby/res/GameLayout/LightEffect/star.png"}, "518": {"name": "Lobby/res/GameLayout/Lobby/Friend/friend.plist"}, "519": {"name": "Lobby/res/GameLayout/Lobby/Friend/friend.png"}, "520": {"name": "Lobby/res/GameLayout/Lobby/imgSelfNiu.png"}, "521": {"name": "Lobby/res/GameLayout/Lobby/Lobby.plist"}, "522": {"name": "Lobby/res/GameLayout/Lobby/Lobby.png"}, "523": {"name": "Lobby/res/GameLayout/Lobby/LobbyEnter/imgInputNum.png"}, "524": {"name": "Lobby/res/GameLayout/Lobby/LobbyEnter/imgLobbyEnterGameBg.png"}, "525": {"name": "Lobby/res/GameLayout/Lobby/LobbyEnter/lightEffect.plist"}, "526": {"name": "Lobby/res/GameLayout/Lobby/LobbyEnter/lightEffect.png"}, "527": {"name": "Lobby/res/GameLayout/Lobby/LobbyEnter/LobbyGameEnter.plist"}, "528": {"name": "Lobby/res/GameLayout/Lobby/LobbyEnter/LobbyGameEnter.png"}, "529": {"name": "Lobby/res/GameLayout/Lobby/LobbyPlayDefault.png"}, "530": {"name": "Lobby/res/GameLayout/Lobby/LobbyPlayNum.png"}, "531": {"name": "Lobby/res/GameLayout/Lobby/lobby_bg.png"}, "532": {"name": "Lobby/res/GameLayout/Lobby/Mail/mail.plist"}, "533": {"name": "Lobby/res/GameLayout/Lobby/Mail/mail.png"}, "534": {"name": "Lobby/res/GameLayout/Lobby/Notice/notice.plist"}, "535": {"name": "Lobby/res/GameLayout/Lobby/Notice/notice.png"}, "536": {"name": "Lobby/res/GameLayout/Lobby/PlayerInfo/PlayerInfo.plist"}, "537": {"name": "Lobby/res/GameLayout/Lobby/PlayerInfo/PlayerInfo.png"}, "538": {"name": "Lobby/res/GameLayout/Lobby/Ranking/rank.plist"}, "539": {"name": "Lobby/res/GameLayout/Lobby/Ranking/rank.png"}, "540": {"name": "Lobby/res/GameLayout/Lobby/Ranking/ranking_no_other.png"}, "541": {"name": "Lobby/res/GameLayout/Lobby/Rcecord.jpg"}, "542": {"name": "Lobby/res/GameLayout/Lobby/Service/service.plist"}, "543": {"name": "Lobby/res/GameLayout/Lobby/Service/service.png"}, "544": {"name": "Lobby/res/GameLayout/Lobby/Sign/effect.png"}, "545": {"name": "Lobby/res/GameLayout/Lobby/Sign/qiandao.csb"}, "546": {"name": "Lobby/res/GameLayout/Lobby/Sign/sign.plist"}, "547": {"name": "Lobby/res/GameLayout/Lobby/Sign/sign.png"}, "548": {"name": "Lobby/res/GameLayout/Lobby/Sign/start_effect_1.plist"}, "549": {"name": "Lobby/res/GameLayout/Lobby/Task/task.plist"}, "550": {"name": "Lobby/res/GameLayout/Lobby/Task/task.png"}, "551": {"name": "Lobby/res/GameLayout/Login/A.png"}, "552": {"name": "Lobby/res/GameLayout/Login/bg.png"}, "553": {"name": "Lobby/res/GameLayout/Login/btnQQLogin.png"}, "554": {"name": "Lobby/res/GameLayout/Login/btnTourist.png"}, "555": {"name": "Lobby/res/GameLayout/Login/btnWX.png"}, "556": {"name": "Lobby/res/GameLayout/Login/btn_bg.png"}, "557": {"name": "Lobby/res/GameLayout/Login/imgChip.png"}, "558": {"name": "Lobby/res/GameLayout/Login/imgCoin.png"}, "559": {"name": "Lobby/res/GameLayout/Login/imgDice.png"}, "560": {"name": "Lobby/res/GameLayout/Login/imgGirl.png"}, "561": {"name": "Lobby/res/GameLayout/Login/imgPork.png"}, "562": {"name": "Lobby/res/GameLayout/Login/imgStarLight.png"}, "563": {"name": "Lobby/res/GameLayout/Login/info.png"}, "564": {"name": "Lobby/res/GameLayout/Login/LoginScene.csb"}, "565": {"name": "Lobby/res/GameLayout/Mall/Mall.plist"}, "566": {"name": "Lobby/res/GameLayout/Mall/Mall.png"}, "567": {"name": "Lobby/res/GameLayout/Mall/mall_txt_num.png"}, "568": {"name": "Lobby/res/GameLayout/Promote/promote.plist"}, "569": {"name": "Lobby/res/GameLayout/Promote/promote.png"}, "570": {"name": "Lobby/res/GameLayout/Promote/PromoteLayer.csb"}, "571": {"name": "Lobby/res/GameLayout/Promote/promoteView.plist"}, "572": {"name": "Lobby/res/GameLayout/Promote/promoteView.png"}, "573": {"name": "Lobby/res/GameLayout/Reward/effect.png"}, "574": {"name": "Lobby/res/GameLayout/Reward/GiftAccount.csb"}, "575": {"name": "Lobby/res/GameLayout/Reward/giftAccountView.plist"}, "576": {"name": "Lobby/res/GameLayout/Reward/giftAccountView.png"}, "577": {"name": "Lobby/res/GameLayout/Reward/giftLightBg.plist"}, "578": {"name": "Lobby/res/GameLayout/Reward/giftLightBg.png"}, "579": {"name": "Lobby/res/GameLayout/Reward/reward.plist"}, "580": {"name": "Lobby/res/GameLayout/Reward/reward.png"}, "581": {"name": "Lobby/res/GameLayout/Reward/Reward_bg.png"}, "582": {"name": "Lobby/res/GameLayout/Reward/start_effect_1.plist"}, "583": {"name": "Lobby/res/GameLayout/Reward/xinshoujiangli.csb"}, "584": {"name": "Lobby/res/GameLayout/Set/Set.plist"}, "585": {"name": "Lobby/res/GameLayout/Set/Set.png"}, "586": {"name": "Lobby/res/GameLayout/Share/share.plist"}, "587": {"name": "Lobby/res/GameLayout/Share/share.png"}, "588": {"name": "Lobby/res/music/button_click.mp3"}, "589": {"name": "Lobby/res/music/getcoin.mp3"}, "590": {"name": "Lobby/res/music/music.mp3"}, "591": {"name": "Lobby/res/ResPath.json"}, "592": {"name": "Lobby//Boot.lua"}, "593": {"name": "Lobby//config.lua"}, "594": {"name": "Lobby//data/ConstantsData.lua"}, "595": {"name": "Lobby//data/GameData.lua"}, "596": {"name": "Lobby//data/GameListData.lua"}, "597": {"name": "Lobby//data/GameStateData.lua"}, "598": {"name": "Lobby//data/initData.lua"}, "599": {"name": "Lobby//data/LobbyData.lua"}, "600": {"name": "Lobby//data/NiuNiuData.lua"}, "601": {"name": "Lobby//data/ResPathData.lua"}, "602": {"name": "Lobby//data/ServerData.lua"}, "603": {"name": "Lobby//data/UserData.lua"}, "604": {"name": "Lobby//external/MobClickForLua.lua"}, "605": {"name": "Lobby//external/MultiPlatform.lua"}, "606": {"name": "Lobby//external/platform/Bridge_android.lua"}, "607": {"name": "Lobby//external/platform/Bridge_ios.lua"}, "608": {"name": "Lobby//external/ShareManager.lua"}, "609": {"name": "Lobby//header/headFile.lua"}, "610": {"name": "Lobby//lobby/layer/ChangeLoginTypeDialog.lua"}, "611": {"name": "Lobby//lobby/layer/ExitGameDialog.lua"}, "612": {"name": "Lobby//lobby/layer/MallDialog.lua"}, "613": {"name": "Lobby//lobby/layer/MallItemLayer.lua"}, "614": {"name": "Lobby//lobby/layer/MallLayer.lua"}, "615": {"name": "Lobby//lobby/layer/NovicesRewardLayer.lua"}, "616": {"name": "Lobby//lobby/layer/PayTypeDialog.lua"}, "617": {"name": "Lobby//lobby/layer/PromoteLayer.lua"}, "618": {"name": "Lobby//lobby/layer/StoreItemLayer.lua"}, "619": {"name": "Lobby//lobby/model/GameCreateRommManager.lua"}, "620": {"name": "Lobby//lobby/model/GameIconFactory.lua"}, "621": {"name": "Lobby//lobby/model/GamePlayManager.lua"}, "622": {"name": "Lobby//lobby/model/LobbyGameEnterManager.lua"}, "623": {"name": "Lobby//lobby/model/LoginManager.lua"}, "624": {"name": "Lobby//lobby/model/MallManager.lua"}, "625": {"name": "Lobby//lobby/scene/LobbyScene.lua"}, "626": {"name": "Lobby//lobby/scene/LoginScene.lua"}, "627": {"name": "Lobby//lobby/view/BindingInviteCodeView.lua"}, "628": {"name": "Lobby//lobby/view/BindingMobileView.lua"}, "629": {"name": "Lobby//lobby/view/BroadCastView.lua"}, "630": {"name": "Lobby//lobby/view/ChessesDetail.lua"}, "631": {"name": "Lobby//lobby/view/CreateRoomView.lua"}, "632": {"name": "Lobby//lobby/view/FriendView.lua"}, "633": {"name": "Lobby//lobby/view/GamePlayerInfoView.lua"}, "634": {"name": "Lobby//lobby/view/HelpView.lua"}, "635": {"name": "Lobby//lobby/view/JoinRoomView.lua"}, "636": {"name": "Lobby//lobby/view/LightEffectNode.lua"}, "637": {"name": "Lobby//lobby/view/LobbyGameEnter.lua"}, "638": {"name": "Lobby//lobby/view/LobbyGamePreEnter.lua"}, "639": {"name": "Lobby//lobby/view/LobbyPlayView.lua"}, "640": {"name": "Lobby//lobby/view/LobbyTopInfoView.lua"}, "641": {"name": "Lobby//lobby/view/MailView.lua"}, "642": {"name": "Lobby//lobby/view/MoreView.lua"}, "643": {"name": "Lobby//lobby/view/NoticeView.lua"}, "644": {"name": "Lobby//lobby/view/PersonalInfoView.lua"}, "645": {"name": "Lobby//lobby/view/PlayerInfoView.lua"}, "646": {"name": "Lobby//lobby/view/RankView.lua"}, "647": {"name": "Lobby//lobby/view/RoomCreateConfigView.lua"}, "648": {"name": "Lobby//lobby/view/ServiceView.lua"}, "649": {"name": "Lobby//lobby/view/SetView.lua"}, "650": {"name": "Lobby//lobby/view/ShareView.lua"}, "651": {"name": "Lobby//lobby/view/SignView.lua"}, "652": {"name": "Lobby//lobby/view/TaskView.lua"}, "653": {"name": "Lobby//lobby/view/TouchPoint.lua"}, "654": {"name": "Lobby//logic/FriendManager.lua"}, "655": {"name": "Lobby//logic/GameManager.lua"}, "656": {"name": "Lobby//logic/HeadJumpManager.lua"}, "657": {"name": "Lobby//logic/init.lua"}, "658": {"name": "Lobby//logic/LobbyManager.lua"}, "659": {"name": "Lobby//logic/LobbyRankManager.lua"}, "660": {"name": "Lobby//logic/LobbyTableManager.lua"}, "661": {"name": "Lobby//logic/ManagerBase.lua"}, "662": {"name": "Lobby//logic/NovicesRewardManager.lua"}, "663": {"name": "Lobby//logic/PlayerInfoManager.lua"}, "664": {"name": "Lobby//logic/PromoteManager.lua"}, "665": {"name": "Lobby//logic/ShareUrlManager.lua"}, "666": {"name": "Lobby//main.lua"}, "667": {"name": "Lobby//net/HttpClient.lua"}, "668": {"name": "Lobby//net/SocketClient.lua"}, "669": {"name": "Lobby//PathManager.lua"}, "670": {"name": "Lobby//request/ByteList.lua"}, "671": {"name": "Lobby//request/GameRequest.lua"}, "672": {"name": "Lobby//request/init.lua"}, "673": {"name": "Lobby//request/LobbyRequest.lua"}, "674": {"name": "Lobby//request/RequestBase.lua"}, "675": {"name": "manager/ChatManager.lua"}, "676": {"name": "manager/FrameworkExtManager.lua"}, "677": {"name": "manager/init.lua"}, "678": {"name": "manager/LaunchTaskManager.lua"}, "679": {"name": "manager/MusicManager.lua"}, "680": {"name": "manager/NetManager.lua"}, "681": {"name": "manager/UserManager.lua"}, "682": {"name": "manager/ViewManager.lua"}, "683": {"name": "net/Head.lua"}, "684": {"name": "net/init.lua"}, "685": {"name": "net/Request.lua"}, "686": {"name": "net/Response.lua"}, "687": {"name": "preload/res/A.png"}, "688": {"name": "preload/res/bg.png"}, "689": {"name": "preload/res/btnConfig.png"}, "690": {"name": "preload/res/btnQQLogin.png"}, "691": {"name": "preload/res/btnTourist.png"}, "692": {"name": "preload/res/btnWX.png"}, "693": {"name": "preload/res/fonts/normalFont.ttf"}, "694": {"name": "preload/res/imgChip.png"}, "695": {"name": "preload/res/imgCoin.png"}, "696": {"name": "preload/res/imgDice.png"}, "697": {"name": "preload/res/imgGirl.png"}, "698": {"name": "preload/res/imgPork.png"}, "699": {"name": "preload/res/imgStarLight.png"}, "700": {"name": "preload/res/loading.png"}, "701": {"name": "preload/res/loading_bg.png"}, "702": {"name": "preload/res/loadRes_bg.png"}, "703": {"name": "preload/res/update_bar.png"}, "704": {"name": "preload/res/update_bar_bg.png"}, "705": {"name": "preload/res/update_btn_close.png"}, "706": {"name": "preload/res/update_btn_update.png"}, "707": {"name": "preload/res/update_little_bg.png"}, "708": {"name": "preload/res/update_title.png"}, "709": {"name": "preload//LogoScene.lua"}, "710": {"name": "preload//ResourceManager.lua"}, "711": {"name": "preload//ServerUpdateView.lua"}, "712": {"name": "preload//UpdateBigPackageView.lua"}, "713": {"name": "res/brnn/project.manifest"}, "714": {"name": "res/brnn/version.manifest"}, "715": {"name": "res/ChannelConfig.json"}, "716": {"name": "res/Lobby/project.manifest"}, "717": {"name": "res/Lobby/version.manifest"}, "718": {"name": "res/niuniu/project.manifest"}, "719": {"name": "res/niuniu/version.manifest"}, "720": {"name": "res/template/project.manifest"}, "721": {"name": "res/template/version.manifest"}}}